Workbook

Sheet Report
A1: Warehouse Physical Stock Report (Unified)
A2: Warehouse: | B2: All
A3: Report Period: 21-06-2026
A5: Total (Filtered): | D5: =SUM(D7:D10) | E5: =SUM(E7:E10) | F5: =SUM(F7:F10) | G5: =SUM(G7:G10) | H5: =SUM(H7:H10)
A6: Warehouse | B6: Item Name | C6: Product Code | D6: Physical Stock (Case) | E6: Allotted Stock (Case) | F6: Pending Stock (Case) | G6: WH Price | H6: Landed Cost
A7: {=IFERROR(INDEX(RawData!A:A, SMALL(IF($B$2="All", ROW(RawData!$A$2:$A$4), IF(RawData!$A$2:$A$4=$B$2, ROW(RawData!$A$2:$A$4))), 1)), "")} | B7: {=IFERROR(INDEX(RawData!B:B, SMALL(IF($B$2="All", ROW(RawData!$A$2:$A$4), IF(RawData!$A$2:$A$4=$B$2, ROW(RawData!$A$2:$A$4))), 1)), "")} | C7: {=IFERROR(INDEX(RawData!C:C, SMALL(IF($B$2="All", ROW(RawData!$A$2:$A$4), IF(RawData!$A$2:$A$4=$B$2, ROW(RawData!$A$2:$A$4))), 1)), "")} | D7: {=IFERROR(INDEX(RawData!D:D, SMALL(IF($B$2="All", ROW(RawData!$A$2:$A$4), IF(RawData!$A$2:$A$4=$B$2, ROW(RawData!$A$2:$A$4))), 1)), "")} | E7: {=IFERROR(INDEX(RawData!E:E, SMALL(IF($B$2="All", ROW(RawData!$A$2:$A$4), IF(RawData!$A$2:$A$4=$B$2, ROW(RawData!$A$2:$A$4))), 1)), "")} | F7: {=IFERROR(INDEX(RawData!F:F, SMALL(IF($B$2="All", ROW(RawData!$A$2:$A$4), IF(RawData!$A$2:$A$4=$B$2, ROW(RawData!$A$2:$A$4))), 1)), "")} | G7: {=IFERROR(INDEX(RawData!G:G, SMALL(IF($B$2="All", ROW(RawData!$A$2:$A$4), IF(RawData!$A$2:$A$4=$B$2, ROW(RawData!$A$2:$A$4))), 1)), "")} | H7: {=IFERROR(INDEX(RawData!H:H, SMALL(IF($B$2="All", ROW(RawData!$A$2:$A$4), IF(RawData!$A$2:$A$4=$B$2, ROW(RawData!$A$2:$A$4))), 1)), "")}
A8: {=IFERROR(INDEX(RawData!A:A, SMALL(IF($B$2="All", ROW(RawData!$A$2:$A$4), IF(RawData!$A$2:$A$4=$B$2, ROW(RawData!$A$2:$A$4))), 2)), "")} | B8: {=IFERROR(INDEX(RawData!B:B, SMALL(IF($B$2="All", ROW(RawData!$A$2:$A$4), IF(RawData!$A$2:$A$4=$B$2, ROW(RawData!$A$2:$A$4))), 2)), "")} | C8: {=IFERROR(INDEX(RawData!C:C, SMALL(IF($B$2="All", ROW(RawData!$A$2:$A$4), IF(RawData!$A$2:$A$4=$B$2, ROW(RawData!$A$2:$A$4))), 2)), "")} | D8: {=IFERROR(INDEX(RawData!D:D, SMALL(IF($B$2="All", ROW(RawData!$A$2:$A$4), IF(RawData!$A$2:$A$4=$B$2, ROW(RawData!$A$2:$A$4))), 2)), "")} | E8: {=IFERROR(INDEX(RawData!E:E, SMALL(IF($B$2="All", ROW(RawData!$A$2:$A$4), IF(RawData!$A$2:$A$4=$B$2, ROW(RawData!$A$2:$A$4))), 2)), "")} | F8: {=IFERROR(INDEX(RawData!F:F, SMALL(IF($B$2="All", ROW(RawData!$A$2:$A$4), IF(RawData!$A$2:$A$4=$B$2, ROW(RawData!$A$2:$A$4))), 2)), "")} | G8: {=IFERROR(INDEX(RawData!G:G, SMALL(IF($B$2="All", ROW(RawData!$A$2:$A$4), IF(RawData!$A$2:$A$4=$B$2, ROW(RawData!$A$2:$A$4))), 2)), "")} | H8: {=IFERROR(INDEX(RawData!H:H, SMALL(IF($B$2="All", ROW(RawData!$A$2:$A$4), IF(RawData!$A$2:$A$4=$B$2, ROW(RawData!$A$2:$A$4))), 2)), "")}
A9: {=IFERROR(INDEX(RawData!A:A, SMALL(IF($B$2="All", ROW(RawData!$A$2:$A$4), IF(RawData!$A$2:$A$4=$B$2, ROW(RawData!$A$2:$A$4))), 3)), "")} | B9: {=IFERROR(INDEX(RawData!B:B, SMALL(IF($B$2="All", ROW(RawData!$A$2:$A$4), IF(RawData!$A$2:$A$4=$B$2, ROW(RawData!$A$2:$A$4))), 3)), "")} | C9: {=IFERROR(INDEX(RawData!C:C, SMALL(IF($B$2="All", ROW(RawData!$A$2:$A$4), IF(RawData!$A$2:$A$4=$B$2, ROW(RawData!$A$2:$A$4))), 3)), "")} | D9: {=IFERROR(INDEX(RawData!D:D, SMALL(IF($B$2="All", ROW(RawData!$A$2:$A$4), IF(RawData!$A$2:$A$4=$B$2, ROW(RawData!$A$2:$A$4))), 3)), "")} | E9: {=IFERROR(INDEX(RawData!E:E, SMALL(IF($B$2="All", ROW(RawData!$A$2:$A$4), IF(RawData!$A$2:$A$4=$B$2, ROW(RawData!$A$2:$A$4))), 3)), "")} | F9: {=IFERROR(INDEX(RawData!F:F, SMALL(IF($B$2="All", ROW(RawData!$A$2:$A$4), IF(RawData!$A$2:$A$4=$B$2, ROW(RawData!$A$2:$A$4))), 3)), "")} | G9: {=IFERROR(INDEX(RawData!G:G, SMALL(IF($B$2="All", ROW(RawData!$A$2:$A$4), IF(RawData!$A$2:$A$4=$B$2, ROW(RawData!$A$2:$A$4))), 3)), "")} | H9: {=IFERROR(INDEX(RawData!H:H, SMALL(IF($B$2="All", ROW(RawData!$A$2:$A$4), IF(RawData!$A$2:$A$4=$B$2, ROW(RawData!$A$2:$A$4))), 3)), "")}
A10: {=IFERROR(INDEX(RawData!A:A, SMALL(IF($B$2="All", ROW(RawData!$A$2:$A$4), IF(RawData!$A$2:$A$4=$B$2, ROW(RawData!$A$2:$A$4))), 4)), "")} | B10: {=IFERROR(INDEX(RawData!B:B, SMALL(IF($B$2="All", ROW(RawData!$A$2:$A$4), IF(RawData!$A$2:$A$4=$B$2, ROW(RawData!$A$2:$A$4))), 4)), "")} | C10: {=IFERROR(INDEX(RawData!C:C, SMALL(IF($B$2="All", ROW(RawData!$A$2:$A$4), IF(RawData!$A$2:$A$4=$B$2, ROW(RawData!$A$2:$A$4))), 4)), "")} | D10: {=IFERROR(INDEX(RawData!D:D, SMALL(IF($B$2="All", ROW(RawData!$A$2:$A$4), IF(RawData!$A$2:$A$4=$B$2, ROW(RawData!$A$2:$A$4))), 4)), "")} | E10: {=IFERROR(INDEX(RawData!E:E, SMALL(IF($B$2="All", ROW(RawData!$A$2:$A$4), IF(RawData!$A$2:$A$4=$B$2, ROW(RawData!$A$2:$A$4))), 4)), "")} | F10: {=IFERROR(INDEX(RawData!F:F, SMALL(IF($B$2="All", ROW(RawData!$A$2:$A$4), IF(RawData!$A$2:$A$4=$B$2, ROW(RawData!$A$2:$A$4))), 4)), "")} | G10: {=IFERROR(INDEX(RawData!G:G, SMALL(IF($B$2="All", ROW(RawData!$A$2:$A$4), IF(RawData!$A$2:$A$4=$B$2, ROW(RawData!$A$2:$A$4))), 4)), "")} | H10: {=IFERROR(INDEX(RawData!H:H, SMALL(IF($B$2="All", ROW(RawData!$A$2:$A$4), IF(RawData!$A$2:$A$4=$B$2, ROW(RawData!$A$2:$A$4))), 4)), "")}

Sheet RawData
A1: Warehouse | B1: Item Name | C1: Product Code | D1: Physical Stock (Case) | E1: Allotted Stock (Case) | F1: Pending Stock (Case) | G1: WH Price | H1: Landed Cost | Z1: All
A2: WH A | B2: Item 1 | C2: P1 | D2: 10 | E2: 5 | F2: 2 | G2: 100 | H2: 110 | Z2: WH A
A3: WH B | B3: Item 2 | C3: P2 | D3: 20 | E3: 10 | F3: 4 | G3: 200 | H3: 220 | Z3: WH B
A4: WH C | B4: Item 3 | C4: P3 | D4: 30 | E4: 15 | F4: 6 | G4: 300 | H4: 330 | Z4: WH C
